category,title,img,id,page_sort,list_sort,simple_desc,device,cn_title,en_desc,cn_desc,Plan,Research,Brand,Client,Planning,Design,Craftsmanship,Engineering,Production,Model,Photography,Illustration,Music,Programming,Cooperation,Date,Try_Read_Desc,img_1,img_1_description,img_2,img_2_description,img_3,img_3_description,img_4,img_4_description,img_5,img_5_description,img_6,img_6_description,img_7,img_7_description,img_8,img_8_description,img_9,img_9_description,img_10,img_10_description,img_11,img_11_description,img_12,img_12_description,img_13,img_13_description,img_14,img_14_description
,,,,,,,,,,,策劃單位,研究單位,品牌,客戶,企劃,設計,工藝,工程,生產,模特兒,攝影,插畫,音樂,程式開發,合作,日期,,,,,,,,,,,,,,,,,,,,,,,,,,,,,
product,Finger Food Plate,https://firebasestorage.googleapis.com/v0/b/profile-a4697.appspot.com/o/list_plate.jpeg?alt=media&token=1b0c1a09-22fc-4aa7-abed-87c7603dce60,1,1,1,Holding the food close and serving sleek,,,"This plate is designed with a curve on the bottom to imitate a pit shaped naturally on a soft surface when loaded with food, giving a stylish and lovely touch to your dish. The curve is intentionally placed away from the middle of the plate for a more organic and natural image.",將容器視為一張柔軟的載體，乘載食物時因負重而自然凹陷的載重感，讓食物料理溫柔地被包覆著。將重心轉移以偏心位置營造有機感，能隨性營造出豐富多樣的畫面呈現，自然襯托出食物料理樣貌。,,,,,顏正淵,陳哲瑋,,,,,林子棋,,,,,2021,,https://firebasestorage.googleapis.com/v0/b/profile-a4697.appspot.com/o/product%2FFinger%20Food%20Plate%2F01.jpeg?alt=media&token=b51f5fdb-39d9-40c2-8d33-a4c57fd9114f,,https://firebasestorage.googleapis.com/v0/b/profile-a4697.appspot.com/o/product%2FFinger%20Food%20Plate%2F02.jpeg?alt=media&token=46b96ec9-8643-448c-9296-a3df92c784ca,,https://firebasestorage.googleapis.com/v0/b/profile-a4697.appspot.com/o/product%2FFinger%20Food%20Plate%2F03.jpeg?alt=media&token=02acadbe-015f-4c48-a61d-b53ad472cd2c,,https://firebasestorage.googleapis.com/v0/b/profile-a4697.appspot.com/o/product%2FFinger%20Food%20Plate%2F04.jpeg?alt=media&token=cf2a65e7-0837-466b-a897-b294d4e9f42f,,https://firebasestorage.googleapis.com/v0/b/profile-a4697.appspot.com/o/product%2FFinger%20Food%20Plate%2F05.jpeg?alt=media&token=6c283d8b-4e91-41fc-95d5-d0d6360e6f5a,,,,,,,,,,,,,,,,,,,
product,Little Woven Rush Container,https://firebasestorage.googleapis.com/v0/b/profile-a4697.appspot.com/o/list_container.jpeg?alt=media&token=8d0339a2-d2c2-4144-84a2-fca48c18ba11,38,2,2,A warm and fun highlight to the home décor,,,"A mini container can also be a warm highlight to your home décor. This craft-made woven rush container has kept a pair of side holders that is commonly seen from a hand-folded petit paper container, making the seemingly ignorable but most practical item in our daily lives fun and graceful. The rectangle shape allows more to carry at one time.",將摺紙小垃圾袋轉化為藺草編織的小容器，保留垃圾袋兩邊的翅膀意象，透過藝師的編織技藝有了更柔和的樣子。此外，也將比例調整為長方形。,,,巧巧,,,陳哲瑋、藺子,藺子,,,,林子棋,,,,,2021,,https://firebasestorage.googleapis.com/v0/b/profile-a4697.appspot.com/o/product%2FRush%20Woven%20Little%20Container%2F01.jpg?alt=media&token=02c35727-713d-46f5-8d2e-ce093c0b1b60,,https://firebasestorage.googleapis.com/v0/b/profile-a4697.appspot.com/o/product%2FRush%20Woven%20Little%20Container%2F02.jpg?alt=media&token=4342f1c1-f798-419e-999b-30f7aa2795e2,,https://firebasestorage.googleapis.com/v0/b/profile-a4697.appspot.com/o/product%2FRush%20Woven%20Little%20Container%2F03.jpg?alt=media&token=c03709dc-52c6-49fb-99b4-1c4d42fced66,,https://firebasestorage.googleapis.com/v0/b/profile-a4697.appspot.com/o/product%2FRush%20Woven%20Little%20Container%2F04.jpg?alt=media&token=c3c5f9a6-9bca-4108-95bd-f160242d8836,,,,,,,,,,,,,,,,,,,,,
product,Hand Tools for Constructer,https://firebasestorage.googleapis.com/v0/b/profile-a4697.appspot.com/o/list_tools.jpeg?alt=media&token=7d0f3a1e-08b6-4394-949d-0fa5630c55e5,39,3,3,Let it easy to run for hours in the hands,,,"The hand tool set is specifically designed for the construction site, based on a thorough research by iNSIGHT team. The design takes hands-on experience into consideration and improves the inconvenience for long-hour use, allowing the gadget to work smoothly and smartly in the hands. The claw at the other end of the crowbar is finely adjusted to avoid any injury while leveraging with one side; the ratchet wrench comes with an elastic stripe on the back for easy-to-carry; the hammer handle is also shaped in a better grip for the fingers and palm.",根據台大智活團隊從工地現場進行的場域研究，探索模板師傅們使用手工具的操作情境，了解可以改善的地方。針對撬棍、棘輪板手、鋁模鎚提出構想 - 透過調整撬棍另一端的彎曲角度，減少施力時被尖端打傷的風險 ; 棘輪板手則在背面增加了彈性繩，讓師傅們可以勾在手指上，防止施作上因一些不好活動的角度而不小心讓板手掉落 ; 考量揮動時的軌跡與手掌抓握之間的關係，調整了鎚子握把的形狀，讓手掌與手指可以更好握持與施力。,台灣設計研究院,台大智活,,,,陳哲瑋,,,,,,,,,,2021,,https://firebasestorage.googleapis.com/v0/b/profile-a4697.appspot.com/o/product%2FHand%20Tools%20for%20Constructer%2F01.jpeg?alt=media&token=8ae3ecfa-92b2-4676-b240-2fb7c6fa72fc,,https://firebasestorage.googleapis.com/v0/b/profile-a4697.appspot.com/o/product%2FHand%20Tools%20for%20Constructer%2F02.jpeg?alt=media&token=6a0553e0-3676-42de-bda6-2c8237e6e8bc,,https://firebasestorage.googleapis.com/v0/b/profile-a4697.appspot.com/o/product%2FHand%20Tools%20for%20Constructer%2F03.jpeg?alt=media&token=ed9ec7f5-7bdc-42b9-99c3-2651228dab41,,https://firebasestorage.googleapis.com/v0/b/profile-a4697.appspot.com/o/product%2FHand%20Tools%20for%20Constructer%2F04.jpeg?alt=media&token=1aac6d63-28a8-4ffb-a2da-c99d96e065c7,,https://firebasestorage.googleapis.com/v0/b/profile-a4697.appspot.com/o/product%2FHand%20Tools%20for%20Constructer%2F05.jpeg?alt=media&token=49fd4a36-4d92-4887-8f62-9937ef0f9170,,https://firebasestorage.googleapis.com/v0/b/profile-a4697.appspot.com/o/product%2FHand%20Tools%20for%20Constructer%2F06.jpeg?alt=media&token=38a625dc-c777-4e57-a6de-0b5a76bf7d35,,https://firebasestorage.googleapis.com/v0/b/profile-a4697.appspot.com/o/product%2FHand%20Tools%20for%20Constructer%2F07.jpeg?alt=media&token=1e79991a-91ac-46ee-8b4e-16409f579557,,,,,,,,,,,,,,,
product,Seyoua,,2,,,A tender and hearty touch-up,,,,,,,Seyoua,,姚杉,陳哲瑋,,黃毓祺,,,（未知）,,,,,2021,,,,,,,,,,,,,,,,,,,,,,,,,,,,,
product,N Tool,https://firebasestorage.googleapis.com/v0/b/profile-a4697.appspot.com/o/N%20Tool.jpeg?alt=media&token=f86c5d45-8158-48e6-879f-85db29594c76,3,4,4,Covering both major and minor muscle groups,,,"N Tool is a compact massage brick helps to knead deep into the muscles and tissues. Switching between two sides of the brick, you may choose to use the double-peaked for minor muscle group and single-peaked for major muscle group, covering shoulders, neck, chest, arms, thighs and calves.",N Tool 是一款無電力可變換模組的定點按摩輔具，定點按摩可以針對關鍵點做按壓放鬆，讓肌肉群可以鬆弛到軟組織。雙峰面負責小肌群，單峰面負責大肌群。肩頸、手臂、大腿、小腿都適用。,,,Pcare,,,陳哲瑋,,義峰國際,,,Luzstudio,,,,Veronica Rehab,2020,,https://firebasestorage.googleapis.com/v0/b/profile-a4697.appspot.com/o/product%2FN%20Tool%2Fn%20tool%2001.jpeg?alt=media&token=42779d97-58bb-4d9a-9cb9-1b1040bece13,,https://firebasestorage.googleapis.com/v0/b/profile-a4697.appspot.com/o/product%2FN%20Tool%2Fn%20tool%2002.jpeg?alt=media&token=464e8647-a1e3-4384-b752-d3d5327952c6,,https://firebasestorage.googleapis.com/v0/b/profile-a4697.appspot.com/o/product%2FN%20Tool%2Fn%20tool%2003.jpeg?alt=media&token=34789cef-418b-45cb-a52d-cb76e2b57ad6,,https://firebasestorage.googleapis.com/v0/b/profile-a4697.appspot.com/o/product%2FN%20Tool%2Fn%20tool%2004.jpeg?alt=media&token=fcb711cc-7978-4bf3-9762-fc17fa277df8,,https://firebasestorage.googleapis.com/v0/b/profile-a4697.appspot.com/o/product%2FN%20Tool%2Fn%20tool%2005.jpeg?alt=media&token=110a4ead-b26a-4633-a749-243962020a9a,,https://firebasestorage.googleapis.com/v0/b/profile-a4697.appspot.com/o/product%2FN%20Tool%2Fn%20tool%2006.jpeg?alt=media&token=763bc99c-b5cc-47f3-bf59-b8e28c6fcf22,,https://firebasestorage.googleapis.com/v0/b/profile-a4697.appspot.com/o/product%2FN%20Tool%2Fn%20tool%2007.jpeg?alt=media&token=731c23a1-aa70-4a04-95a6-dfda88f7e8e4,輕輕一推，變換雙峰面、單峰面。,https://firebasestorage.googleapis.com/v0/b/profile-a4697.appspot.com/o/product%2FN%20Tool%2Fn%20tool%2008.jpeg?alt=media&token=92861e74-8747-4633-81f0-a9c22f922243,,https://firebasestorage.googleapis.com/v0/b/profile-a4697.appspot.com/o/product%2FN%20Tool%2Fn%20tool%2009.jpeg?alt=media&token=1fe562f5-9f78-4667-b550-c0940d7efccd,,https://firebasestorage.googleapis.com/v0/b/profile-a4697.appspot.com/o/product%2FN%20Tool%2Fn%20tool%2010.jpeg?alt=media&token=3ac036ca-8423-4359-9f0c-e8434a12f04d,,https://firebasestorage.googleapis.com/v0/b/profile-a4697.appspot.com/o/product%2FN%20Tool%2Fn%20tool%2011.jpeg?alt=media&token=9277cf03-328b-4d76-b495-417e174d5dff,,https://firebasestorage.googleapis.com/v0/b/profile-a4697.appspot.com/o/product%2FN%20Tool%2Fn%20tool%2012.jpeg?alt=media&token=4cefbfab-3abb-4a53-9999-41244515a221,,https://firebasestorage.googleapis.com/v0/b/profile-a4697.appspot.com/o/product%2FN%20Tool%2Fn%20tool%2013.jpeg?alt=media&token=5f75dbdd-e89f-4851-99d2-f688f4d5fa11,使用時，每個動作 30 ~ 60 秒左右即可，最多不超過 1 分鐘。,https://firebasestorage.googleapis.com/v0/b/profile-a4697.appspot.com/o/product%2FN%20Tool%2Fn%20tool%2014.jpeg?alt=media&token=ff83e3bb-5d1f-4147-ab68-048ec94693a7,尺寸小巧，方便攜帶，也適合擺放在房間。
product,Electronic Dry Cabinet,https://firebasestorage.googleapis.com/v0/b/profile-a4697.appspot.com/o/Electronic%20Dry%20Cabinet.jpeg?alt=media&token=cf52e19c-b81f-455a-bc5d-e9dd854bc09e,4,5,5,Showcasing with a peace of mind,,,"The sleek white frame of Electronic Dry Cabinet features rounded edges and clear glass in the front and back for a display case style. The wooden knob and legs deliver streamlined and homey appeal, making this dry cabinet a great furniture for sprucing up the space. In order to eliminate the space between the cabinet and the wall, the DryTech team has developed a new drying system that can be installed at the bottom of the cabinet instead of the back. In addition, we have optimized the digital display unit and interface to allow an easier operation and humidity display.",藉由暖白圓潤的櫃體，與前後通透的玻璃，讓防潮箱有了櫥窗的意象，保存收藏品同時也展示出來。木質握把與腳座賦予家居感，讓防潮箱也成為家中的家具。而為了讓箱體可以完全貼平牆面，收藏家團隊特別開發適合安裝在底部的除濕主機。另外，也重新規劃了濕度顯示介面與功能操作介面，讓資訊的閱讀與功能操作更容易,,,收藏家,,,陳哲瑋、unipapa,,收藏家,,,鍾濟凡、陳冠辰,,,,,2018,,https://firebasestorage.googleapis.com/v0/b/profile-a4697.appspot.com/o/product%2FElectronic%20Dry%20Cabinet%2F%E9%98%B2%E6%BD%AE%E7%AE%B1%2001.jpeg?alt=media&token=611d61e0-3726-41c0-a09e-1447fba4ff28,,https://firebasestorage.googleapis.com/v0/b/profile-a4697.appspot.com/o/product%2FElectronic%20Dry%20Cabinet%2F%E9%98%B2%E6%BD%AE%E7%AE%B1%2002.jpeg?alt=media&token=03d8ef2a-6522-4984-b52c-321e21cb4c7c,,https://firebasestorage.googleapis.com/v0/b/profile-a4697.appspot.com/o/product%2FElectronic%20Dry%20Cabinet%2F%E9%98%B2%E6%BD%AE%E7%AE%B1%2003.jpeg?alt=media&token=180873ed-fe59-4c94-9b12-379c0f97ce40,,https://firebasestorage.googleapis.com/v0/b/profile-a4697.appspot.com/o/product%2FElectronic%20Dry%20Cabinet%2F%E9%98%B2%E6%BD%AE%E7%AE%B1%2004.jpeg?alt=media&token=be6b3eb7-9e97-449c-9b9f-83025302e5ae,,https://firebasestorage.googleapis.com/v0/b/profile-a4697.appspot.com/o/product%2FElectronic%20Dry%20Cabinet%2F%E9%98%B2%E6%BD%AE%E7%AE%B1%2005.jpeg?alt=media&token=4f821ff3-7d73-4c47-b8c8-07ebd158f53b,,https://firebasestorage.googleapis.com/v0/b/profile-a4697.appspot.com/o/product%2FElectronic%20Dry%20Cabinet%2F%E9%98%B2%E6%BD%AE%E7%AE%B1%2006.jpeg?alt=media&token=91ec901f-bf07-4d7a-adfa-500ba0fd2da0,,,,,,,,,,,,,,,,,
product,Flavor Cup,https://firebasestorage.googleapis.com/v0/b/profile-a4697.appspot.com/o/Flavor%20Cup.jpeg?alt=media&token=33962bfd-54cb-4bc8-b63e-357eef4f99b1,5,6,6,Sense the flavors and the layers,,,"The shape of the cup affects how a drink such as tea, coffee or wine etc. tastes apart from its original flavor. The edge of the Flavor Cup is designed with different thickness, which brings out different flavors and allows the drinker to have multiple sensory experiences.",喝茶、咖啡、酒等飲品時，除了飲品本身的味道，杯子的形狀也會影響該飲品入口後的感覺。透過杯口厚度的變化，讓人使用同一個杯子喝飲品時得到不同的體驗。,,,unipapa,,,陳哲瑋、unipapa,,好玻,,,陳哲瑋,,,,,2019,,https://firebasestorage.googleapis.com/v0/b/profile-a4697.appspot.com/o/product%2FFlavor%20Cup%2FFlavor%20Cup%2001.jpeg?alt=media&token=faa3cd47-dd67-4840-ac38-4e4cce8bc3a8,,https://firebasestorage.googleapis.com/v0/b/profile-a4697.appspot.com/o/product%2FFlavor%20Cup%2FFlavor%20Cup%2002.jpeg?alt=media&token=86e85923-7405-4105-9928-39fdb5a05611,,https://firebasestorage.googleapis.com/v0/b/profile-a4697.appspot.com/o/product%2FFlavor%20Cup%2FFlavor%20Cup%2003.jpeg?alt=media&token=d6ea84a3-5083-4c49-ab9a-f619e81d8990,,,,,,,,,,,,,,,,,,,,,,,
product,Pocket Fountain Pen,https://firebasestorage.googleapis.com/v0/b/profile-a4697.appspot.com/o/Pocket%20Fountain%20Pen.jpeg?alt=media&token=89b3b9cf-1cc0-4fbc-913f-e787fd86c558,6,7,,Find the flow and the balance,,,"With a sturdy steel grip installed in the aluminum barrel, the weight of this fountain pen will be lying at the tip while writing. The ink naturally flows out as the pen tip slides along the paper and delivers a relaxed and graceful writing experience. The diameter of the barrel is carefully designed with gradient size, which enables the user to adjust the balance of the pen by positioning the cap at any preferred spot on the pen.",穩重的銅製握管，搭配輕巧的鋁製筆身，讓書寫重心落在筆的前端，墨水自然地被紙張牽引出來，帶來舒適的書寫體驗。微漸變筆身，讓筆蓋可以停留在任意位置，使用者可以調整適合自己書寫時的長度。,,,巧巧,,,陳哲瑋、羅代有限公司,,羅代有限公司,,,陳哲瑋,,,,,2016,,https://firebasestorage.googleapis.com/v0/b/profile-a4697.appspot.com/o/product%2FPocket%20Fountain%20Pen%2FPocket%20Fountain%20Pen%2001.jpeg?alt=media&token=f03dff00-0c62-4fb5-b766-951bd75ab5c5,,https://firebasestorage.googleapis.com/v0/b/profile-a4697.appspot.com/o/product%2FPocket%20Fountain%20Pen%2FPocket%20Fountain%20Pen%2002.jpeg?alt=media&token=4801a3bb-c5d3-47a2-b2d3-4031c6e4ad5f,,https://firebasestorage.googleapis.com/v0/b/profile-a4697.appspot.com/o/product%2FPocket%20Fountain%20Pen%2FPocket%20Fountain%20Pen%2003.jpeg?alt=media&token=4fcc8c1b-b4e3-46ed-8787-e36d24d37176,,,,,,,,,,,,,,,,,,,,,,,
product,Pen Holder,https://firebasestorage.googleapis.com/v0/b/profile-a4697.appspot.com/o/Pen%20Holder.jpeg?alt=media&token=2b1b34f5-968c-4b22-9eca-2fcd55865a56,7,8,8,Make the petty pretty,,,"The immaculate cement surface and smooth round edge brings a serene feeling to the pen holder.  Apart from organizing pens, the lower compartment is ideal for storing desk supplies or small items such as erasers, cards, post-it notes, etc.",細緻打磨的水泥，搭配柔和的圓角，讓筆筒有了沉靜的感覺。低的空間可以放置便利貼、橡皮擦、卡片等小物。,,,巧巧,,,陳哲瑋,,泥好製所,,,陳哲瑋,,,,,2019,,https://firebasestorage.googleapis.com/v0/b/profile-a4697.appspot.com/o/product%2FPen%20Holder%2FPen%20Holder%2001.jpeg?alt=media&token=5705d1cd-53fd-4532-8fe6-cb40f51a34b4,,https://firebasestorage.googleapis.com/v0/b/profile-a4697.appspot.com/o/product%2FPen%20Holder%2FPen%20Holder%2002.jpeg?alt=media&token=8d7e99c3-3b61-4ebc-978b-ee0b289087dc,,https://firebasestorage.googleapis.com/v0/b/profile-a4697.appspot.com/o/product%2FPen%20Holder%2FPen%20Holder%2003.jpeg?alt=media&token=81a25f06-6591-4e24-9720-07f1036ff63f,,,,,,,,,,,,,,,,,,,,,,,
product,Reusable Hook,https://firebasestorage.googleapis.com/v0/b/profile-a4697.appspot.com/o/Reusable%20Hook.jpeg?alt=media&token=d415476b-d28d-4ae0-9e14-b205082d9c01,8,9,,Nail the wall with no scratch,,,"Gekko™ non-glue based adhesive silicone film sticks to any flat and smooth surface, including cement walls. Therefore, we have decided to apply the technology to develop household utility hooks with modular concept, in order to extend the product line in the future. In addition, the matt white color gives it a unique look that really differentiates our product from other adhesive hooks on the market.",Gekko 的無痕貼片非常適合使用在水泥牆，因此選擇開發居家常用的掛勾，並透過模組化的結構，讓未來可以延伸應用出其他商品。另外，白色霧面的外觀可以跟市面上大部分的無痕掛勾做出區隔。,,,unipapa,,,陳哲瑋、unipapa,,掛酷、創維塑膠、unipapa,,,陳哲瑋,,,,,2019,,https://firebasestorage.googleapis.com/v0/b/profile-a4697.appspot.com/o/product%2FReusable%20Hook%2FReusable%20Hook%2001.jpeg?alt=media&token=6a49fc62-a023-40ee-9657-c7f69ee706f8,,https://firebasestorage.googleapis.com/v0/b/profile-a4697.appspot.com/o/product%2FReusable%20Hook%2FReusable%20Hook%2002.jpeg?alt=media&token=7829dc7d-47d3-4681-ab80-3d346a8cc584,,https://firebasestorage.googleapis.com/v0/b/profile-a4697.appspot.com/o/product%2FReusable%20Hook%2FReusable%20Hook%2003.jpeg?alt=media&token=430437c5-92c3-4a22-bd92-6c127945de4d,,,,,,,,,,,,,,,,,,,,,,,
product,Mini Tools Set,https://firebasestorage.googleapis.com/v0/b/profile-a4697.appspot.com/o/Mini%20Tools%20Set.jpeg?alt=media&token=6eab39c0-d4d6-46e7-905c-c79520dd8601,9,10,,Carry 18 all-purpose driver bits in one pocket,,,The mini hand tools set comes with 18 common precision screwdriver bits in an exquisite aluminum portable case which is shaped like a miniature luggage case. The EVA bits-holder makes it easy to access the bits by pressing down the bottom end. The set also includes two extra Philips bits which are placed inside the pen shaped handle in case of worn out or missing bits.,選擇常用的 18 個精密起子頭收納在一個小盒子裡，並將行李箱堅固耐用的意象轉化為盒子打凸的紋理。透過 EVA 的階梯式凹槽，拿取起子頭時只要下壓尾端即可。而筆身內額外放了兩支常被使用、有可能損耗或不見的十字起子頭。,,,OZARK,,,陳哲瑋、unipapa,,OZARK,,,林子棋、鍾濟凡,,,,,2019,,https://firebasestorage.googleapis.com/v0/b/profile-a4697.appspot.com/o/product%2FMini%20Tools%20Set%2FMini%20Tools%20Set%2001.jpeg?alt=media&token=afc747e8-a487-45c2-a635-84e4da757e39,,https://firebasestorage.googleapis.com/v0/b/profile-a4697.appspot.com/o/product%2FMini%20Tools%20Set%2FMini%20Tools%20Set%2002.jpeg?alt=media&token=2a8d5d68-c0cb-4bc6-a261-a5dbe5c6d1d7,,https://firebasestorage.googleapis.com/v0/b/profile-a4697.appspot.com/o/product%2FMini%20Tools%20Set%2FMini%20Tools%20Set%2003.jpeg?alt=media&token=2d3d691b-88cb-4f75-a193-c356391bb913,,https://firebasestorage.googleapis.com/v0/b/profile-a4697.appspot.com/o/product%2FMini%20Tools%20Set%2FMini%20Tools%20Set%2004.jpeg?alt=media&token=c7ff4194-379d-4fab-93cd-caeb2ced4048,,https://firebasestorage.googleapis.com/v0/b/profile-a4697.appspot.com/o/product%2FMini%20Tools%20Set%2FMini%20Tools%20Set%2005.jpeg?alt=media&token=ce864813-0a03-4d78-916b-2ff6872315a1,,https://firebasestorage.googleapis.com/v0/b/profile-a4697.appspot.com/o/product%2FMini%20Tools%20Set%2FMini%20Tools%20Set%2006.jpeg?alt=media&token=05fd6e36-648f-48a2-816c-f06cc00f27e1,,,,,,,,,,,,,,,,,
product,Surco Smart Home Remote,https://firebasestorage.googleapis.com/v0/b/profile-a4697.appspot.com/o/Surco%20Smart%20Home%20Remote.jpeg?alt=media&token=668d0811-f436-4de7-9c18-11c04ea40bcf,10,11,,Fit technology into home décor,,,"With a bookshelf-like design, the Remote can smartly hide into home décor, making a consistent design for the house. The UI of the mobile APP is also optimized for better and easier usability.",透過小層架的意象，減少產品在牆上的科技感，在上面放置小物後，讓產品多了一點居家的感受。APP 的規劃上，優化了舊版本的使用流程及介面。,,,simple cocoon,,,陳哲瑋、unipapa,,艾法科技,,,鍾濟凡,,,,,2018,,https://firebasestorage.googleapis.com/v0/b/profile-a4697.appspot.com/o/product%2Fsurco%20Smart%20Home%20Remote%2Fsurco%2001.jpeg?alt=media&token=5813bfdf-c594-40b1-871b-718fb41418f7,,https://firebasestorage.googleapis.com/v0/b/profile-a4697.appspot.com/o/product%2Fsurco%20Smart%20Home%20Remote%2Fsurco%2002.gif?alt=media&token=e26c8d6e-f1bd-414d-af09-a72dee5be0ca,,,,,,,,,,,,,,,,,,,,,,,,,
product,SF200 Shower Head,https://firebasestorage.googleapis.com/v0/b/profile-a4697.appspot.com/o/SF200%20Shower%20Head.jpeg?alt=media&token=97eee514-5c46-4bb3-b99e-db94f6f1bca9,11,12,,The 15-degree that makes showering different,,,"People often rinse their feet with warm water while showering in cold weather in order to keep the whole body warm. The shower nozzle can be be adjusted up to 15 degrees to accommodate to users with different height for a nice shower experience. In addition, the nozzle can be taken apart easily for cleaning.",天氣冷的時候，洗頭、洗身體時為了保暖有時會讓溫水沖在腳上。藉由蓮蓬頭的花灑座可以往下轉動15度，在很小空間的浴室內不同身高的人也可以站在原地舒適淋浴。另外，長期使用後可以拆下花灑片清洗內部的水垢。,,,3M,,,陳哲瑋,,3M,,,張耀仁、鍾濟凡,,,,,2018,,https://firebasestorage.googleapis.com/v0/b/profile-a4697.appspot.com/o/product%2FSF200%20Shower%20Head%2FSF200%20Shower%20Head%2001.gif?alt=media&token=f68e965c-8902-453f-b6ac-e08d1ce5e5e7,,https://firebasestorage.googleapis.com/v0/b/profile-a4697.appspot.com/o/product%2FSF200%20Shower%20Head%2FSF200%20Shower%20Head%2002.jpeg?alt=media&token=308055f3-38d5-4df2-a2e7-3ac101d5b21d,,https://firebasestorage.googleapis.com/v0/b/profile-a4697.appspot.com/o/product%2FSF200%20Shower%20Head%2FSF200%20Shower%20Head%2003.jpeg?alt=media&token=a7fb05f5-6aed-4cb1-9cbe-1dd46ad737a4,,,,,,,,,,,,,,,,,,,,,,,
product,Nail Clipper,https://firebasestorage.googleapis.com/v0/b/profile-a4697.appspot.com/o/Nail%20Clipper.jpeg?alt=media&token=bb658939-712f-447a-886c-5b15457aa768,12,13,,Clip it straight and clean,,,The nail clipper is designed with a suitable length and thickness for the right leverage to create a cleaner and easier cut without losing control or hurting your fingers. The well-engineered ergonomics gives users a clean and satisfying cut. The smooth surface also provides comfortable grip.,合適的長度及厚度讓剪指甲時可以穩穩地施力。藉由優化結構有了流暢的使用方式，完整的底部平面帶來舒適的握持體驗。,,,unipapa,,,陳哲瑋、unipapa,,騏勵開發,,,,,,,,2019,,https://firebasestorage.googleapis.com/v0/b/profile-a4697.appspot.com/o/product%2FNail%20Clipper%2FNail%20Clipper%2001.gif?alt=media&token=097fd15e-18ce-431c-b459-88c966547712,,https://firebasestorage.googleapis.com/v0/b/profile-a4697.appspot.com/o/product%2FNail%20Clipper%2FNail%20Clipper%2002.jpeg?alt=media&token=07f8c057-3950-447e-8816-108a6f4d00d6,,,,,,,,,,,,,,,,,,,,,,,,,
product,Trash Can,https://firebasestorage.googleapis.com/v0/b/profile-a4697.appspot.com/o/Trash%20Can.jpeg?alt=media&token=22304649-a511-4ec0-ab80-dbc0e7ba0f96,13,14,,Home tidying solution for germ freaks,,,The removable inner pail is designed slightly higher than the body and features a handle that makes it easier to be taken out and also increases the volume for garbage. The lid can be simply attached to the body when taken off. The handle is aligned with the hole to hold the bag in place which makes it easier to locate while changing the bag.,高於外桶的內桶搭配小握把讓倒垃圾時拿出內桶更方便，也增加了裝垃圾的容積。倒垃圾時，把蓋子吸在外桶上即可。小握把與可以塞住垃圾袋的洞口對齊，套垃圾袋時可以很容易找到洞口。,,,源源鋼藝,,,陳哲瑋、unipapa,,源源鋼藝,,,陳哲瑋,,,,,2017,,https://firebasestorage.googleapis.com/v0/b/profile-a4697.appspot.com/o/product%2FTrash%20Can%2FTrash%20Can%2001.jpeg?alt=media&token=222578ff-8b2e-41ad-b001-5e47f6df0b92,,https://firebasestorage.googleapis.com/v0/b/profile-a4697.appspot.com/o/product%2FTrash%20Can%2FTrash%20Can%2002.jpeg?alt=media&token=52d50c29-7cd3-4612-8aa1-01737aef7c1c,,https://firebasestorage.googleapis.com/v0/b/profile-a4697.appspot.com/o/product%2FTrash%20Can%2FTrash%20Can%2003.jpeg?alt=media&token=92af21c2-250b-4bf7-9a57-178d63104c4f,,https://firebasestorage.googleapis.com/v0/b/profile-a4697.appspot.com/o/product%2FTrash%20Can%2FTrash%20Can%2004.jpeg?alt=media&token=e4be852d-416b-4188-89a2-b03de58fdd05,,,,,,,,,,,,,,,,,,,,,
product,Wind Chime,https://firebasestorage.googleapis.com/v0/b/profile-a4697.appspot.com/o/Wind%20Chime.jpeg?alt=media&token=9a13c3c7-a3b0-47e8-90ea-25b0c86ef889,14,15,9,Chiming in with the metronome,,,"The image of the metronome was transformed into the wind chime, and the two objects are further connected with the concept of sound. The small size does not make too much noise, which is suitable for serving as a centerpiece in the room.",將節拍器的意象轉化為風鈴，並透過發出聲音這件事加強連結。小尺寸的風鈴，放在房間內依然安靜，更像小擺飾。,,,巧巧,,,陳哲瑋,,,,,陳哲瑋,,,,,2019,,https://firebasestorage.googleapis.com/v0/b/profile-a4697.appspot.com/o/product%2FWind%20Chime%2FWing%20Chime%2001.jpeg?alt=media&token=53b1c05b-c564-4e0d-a04c-ab9d8b4bde43,,https://firebasestorage.googleapis.com/v0/b/profile-a4697.appspot.com/o/product%2FWind%20Chime%2FWing%20Chime%2002.jpeg?alt=media&token=5273a87e-d9b3-4ded-bd21-b21184b09ac1,,https://firebasestorage.googleapis.com/v0/b/profile-a4697.appspot.com/o/product%2FWind%20Chime%2FWing%20Chime%2003.jpeg?alt=media&token=721f30d2-b728-421c-ab52-ecf1e082dcc8,,,,,,,,,,,,,,,,,,,,,,,
product,Painting Tools,https://firebasestorage.googleapis.com/v0/b/profile-a4697.appspot.com/o/Painting%20Tools.jpeg?alt=media&token=bbd28f07-6e3d-4d6b-8dc7-8f95f3d63c49,15,16,7,Paint the wall with least effort,,,"With the right angle between the blade and handle, this specially-designed putty knife will lessen shoulder and muscle pain due to brushing. The handle of the putty knife is delicately designed in water-drop shape to give an easy grip; hand-shaped brush is an extension to your wrist, allowing you to brush in its course effortlessly.",透過批土板的斜面及有角度的握把，減輕手臂在調整刮刀上的批土量時的負擔；刮刀的水滴形握把讓手指施力時有支撐；手掌型的油漆刷讓手腕可以用自然的軌跡擺動。,,,,,,陳哲瑋、楊子瑤,,,,,陳奕璋,,,,,2014,,https://firebasestorage.googleapis.com/v0/b/profile-a4697.appspot.com/o/product%2FPainting%20Tools%2FPainting%20Tools%2001.jpeg?alt=media&token=3394e9b4-4152-46aa-98cc-23efcce00e17,,https://firebasestorage.googleapis.com/v0/b/profile-a4697.appspot.com/o/product%2FPainting%20Tools%2FPainting%20Tools%2002.jpeg?alt=media&token=cd0a6988-e706-4b9b-9a49-cf3728a848bb,,https://firebasestorage.googleapis.com/v0/b/profile-a4697.appspot.com/o/product%2FPainting%20Tools%2FPainting%20Tools%2003.jpeg?alt=media&token=cec3efed-e753-4dfe-b33a-42424e9f1df5,,https://firebasestorage.googleapis.com/v0/b/profile-a4697.appspot.com/o/product%2FPainting%20Tools%2FPainting%20Tools%2004.jpeg?alt=media&token=d677842a-ec71-4226-b509-7766f6930cee,,https://firebasestorage.googleapis.com/v0/b/profile-a4697.appspot.com/o/product%2FPainting%20Tools%2FPainting%20Tools%2005.jpeg?alt=media&token=1c97c3e1-d62a-446c-833e-4528e41b6dd6,,,,,,,,,,,,,,,,,,,
interface,Flora Piano vol.1,https://firebasestorage.googleapis.com/v0/b/profile-a4697.appspot.com/o/interface%2FFlora.jpeg?alt=media&token=511047b0-22ed-4187-b6ad-8f23d7f723a0,16,,,Learning music from the day-to-day sounds,App for iPad,,"Flora Piano believes that we can subconsciously enhance kid’s intuition to the music by letting them take more notice of the sound we hear on daily basis at early learning stage. We can transform the sounds from day to day into different melody, temple, length, pitch and volume. For instance, dog’s barking can be a swift and high-pitched tone, cow’s mooing is rather long and slow, elephant’s steps can be a rather heavy and low-pitched note. This is also to train the kids associating their lives experiences to the music. The App is designed as a supporting tool for the teachers to easily apply during class.",福樂彈唱鋼琴教程希望孩子早期學習音樂時就可以感受聲音，因此讓聲音先於符號，感知先於認知。透過將生活中聽到的不同聲音，像是短而有力的狗叫聲、長而緩慢的牛叫聲、大象厚重的步伐聲等，轉化成音長、音高、音量、節奏、旋律等，讓孩子連結到生活中的經驗。而這款 App 是讓老師教課時搭配原先的書本、圖卡使用，作為書本及圖卡的輔助。,,,,寬域工作室,Flora,陳哲瑋,,,,,,詹佩茹,,Adam,,2020,,https://firebasestorage.googleapis.com/v0/b/profile-a4697.appspot.com/o/interface%2FFlora%20Piano%20vol%201%2F01.png?alt=media&token=4e7484f0-cb44-424f-86c3-3c4540c86d6d,,https://firebasestorage.googleapis.com/v0/b/profile-a4697.appspot.com/o/interface%2FFlora%20Piano%20vol%201%2F02.gif?alt=media&token=ae9d52ce-9ed1-406d-adce-81a50170c4d2,歌曲的樂譜預設為隱藏局部還沒學習到的音符，不同學習階段搭配功能切換使用。,https://firebasestorage.googleapis.com/v0/b/profile-a4697.appspot.com/o/interface%2FFlora%20Piano%20vol%201%2F03.jpeg?alt=media&token=6c547623-c85c-4bc6-be23-b2f85dda01d0,一小節的節奏車廂可以將音符及動物放進去。,https://firebasestorage.googleapis.com/v0/b/profile-a4697.appspot.com/o/interface%2FFlora%20Piano%20vol%201%2F04.gif?alt=media&token=bf59b70e-866d-443d-9e77-5b503bbf8ffb,四小節的節奏車廂除了音符及動物，還可以放樂器，讓小朋友們在課堂有更多互動。,https://firebasestorage.googleapis.com/v0/b/profile-a4697.appspot.com/o/interface%2FFlora%20Piano%20vol%201%2F05.png?alt=media&token=863c3362-7933-4c7f-9bb5-9901315fd379,樂器分成三種顏色。綠色是金屬樂器，紅色是響鈴樂器，藍色是木質樂器。,https://firebasestorage.googleapis.com/v0/b/profile-a4697.appspot.com/o/interface%2FFlora%20Piano%20vol%201%2F06.jpeg?alt=media&token=e8c2e89e-b7f1-4a8e-8131-09d30ffaf56c,樂理的學習透過讓小朋友們選擇不同角色一起在大鳥上往前飛行答題，途中遇到的事物是隨機的，答對答錯時會有不同的互動。希望透過可以持續一起完成這趟飛行，減少答題錯誤而有負面情緒產生。,https://firebasestorage.googleapis.com/v0/b/profile-a4697.appspot.com/o/interface%2FFlora%20Piano%20vol%201%2F07.jpeg?alt=media&token=20ca553d-f960-456a-806a-4e68547275b0,,https://firebasestorage.googleapis.com/v0/b/profile-a4697.appspot.com/o/interface%2FFlora%20Piano%20vol%201%2F08.jpeg?alt=media&token=09f7a4d5-1040-4876-83c9-d3343d484a05,,https://firebasestorage.googleapis.com/v0/b/profile-a4697.appspot.com/o/interface%2FFlora%20Piano%20vol%201%2F09.jpeg?alt=media&token=e827cf21-ee19-46d2-8cda-789e55cd452b,將答對答錯的互動方式分為四種。,https://firebasestorage.googleapis.com/v0/b/profile-a4697.appspot.com/o/interface%2FFlora%20Piano%20vol%201%2F10.jpeg?alt=media&token=e77a12da-1004-4347-89a2-ece9f828bb6e,,,,,,,,,
interface,Li Jin Industrial,https://firebasestorage.googleapis.com/v0/b/profile-a4697.appspot.com/o/interface%2FLi%20Jin.jpeg?alt=media&token=d9ce3a71-014b-4190-ab77-5ca687d8b473,17,1,1,Improve industrial fluid control management,Web,,"Li Jin Industrial offers professional fluid control solutions to improve powder, liquid and gas control efficiency. The website navigation is based on three fluid control solutions – powder, liquid and gas. Under these three solutions, it is furtherly categorized into other subcategories for the users to easily identify the main product and solutions needed. The frontend interface provides breadcrumbs trail and fast-switch menu bar between different product categories, allowing users to effortlessly find the product required. The backend offers flexibility to activate different content fields, catering to various editing demands.",立津國際開發是間致力於提升產業在粉體、液體、氣體等流體控制效能的公司，藉由良善的產品與服務改善客戶的生產系統。三種流體類別的產品，包含八個種類，其中幾個種類再細分為不同系列。前台透過麵包屑導航、系列別切換選單，希望讓找尋產品的過程順暢。後台設計可選擇性啟用的資訊欄位模組，滿足不同產品頁的內容編輯需求。,,,,立津國際開發,陳聖欣,陳哲瑋,,,,,,,,威雀科技,,2020,,https://firebasestorage.googleapis.com/v0/b/profile-a4697.appspot.com/o/interface%2FLi%20Jin%2F01.jpeg?alt=media&token=6a574d32-0b43-439d-be6c-2d8922ed9365,,https://firebasestorage.googleapis.com/v0/b/profile-a4697.appspot.com/o/interface%2FLi%20Jin%2F02.jpeg?alt=media&token=f5ec7a00-a712-4253-9210-590612aa7a31,首頁輪播圖展示產品在應用領域的多樣性。,https://firebasestorage.googleapis.com/v0/b/profile-a4697.appspot.com/o/interface%2FLi%20Jin%2F03.png?alt=media&token=a0d5fbb9-1e38-4e3c-a426-e125055c9873,透過麵包屑導航、系列別切換選單，希望讓找尋產品的過程順暢。,https://firebasestorage.googleapis.com/v0/b/profile-a4697.appspot.com/o/interface%2FLi%20Jin%2F04%20gif.gif?alt=media&token=b293e4da-c16e-442c-9ddb-536d4d97bb09,後台設計了可選擇性啟用的模組，滿足不同產品頁的內容編輯需求。,https://firebasestorage.googleapis.com/v0/b/profile-a4697.appspot.com/o/interface%2FLi%20Jin%2F05.png?alt=media&token=366340a8-4d97-44e9-820a-44779ec24919,可以下載的 A4 版本尺寸圖，方便列印用。,https://firebasestorage.googleapis.com/v0/b/profile-a4697.appspot.com/o/interface%2FLi%20Jin%2F06.jpeg?alt=media&token=a190d98c-b4eb-41dc-af32-890445bceb70,選配的配件資訊用伸展的方式提供詳細資訊。,https://firebasestorage.googleapis.com/v0/b/profile-a4697.appspot.com/o/interface%2FLi%20Jin%2F07.jpeg?alt=media&token=7bda13fb-1c94-4ffa-9a94-974d5b56c458,,https://firebasestorage.googleapis.com/v0/b/profile-a4697.appspot.com/o/interface%2FLi%20Jin%2F08.jpeg?alt=media&token=251a86da-e886-4bf1-8868-f6991da32e70,針對需要配合表格閱讀的產品，製作較精細的規格圖。,,,,,,,,,,,,
interface,Above,https://firebasestorage.googleapis.com/v0/b/profile-a4697.appspot.com/o/interface%2FAbove.jpeg?alt=media,18,,,,Web,,,,,,,逸志科技,逸志科技,陳哲瑋,,,,,,,,逸志科技,,2021,,,,,,,,,,,,,,,,,,,,,,,,,,,,,
interface,Chihyi,https://firebasestorage.googleapis.com/v0/b/profile-a4697.appspot.com/o/interface%2FChihyi.jpeg?alt=media&token=a40b8925-8b8d-4f72-9170-3f92115bfc73,19,2,2,Designer’s real-size sketch portfolio,Web,,"Chihyi CC, a cat person who also happens to be an illustrator. Fell in love with these furry and curious creatures ever since she started raising one; under that influence, more work and design are all about cats. This illustration portfolio is designed in B6 round-edge notebook style, categorizing all the work under different sketching groups. To preserve the warmth of the original draft, details like cross-page sketching across page is purposely kept in the portfolio.",Chihyi CC 是位喜歡貓的插畫家，因養貓而愛貓，並以貓創作了許多生活小品。作品集從希望呈現以 B6 小記事本創作開始思考，維持了記事本橫式及直式的樣子，並保持記事本的圓角。另外也將創作的類型整理分類，希望傳達作品的多樣性。,,,,林芷伊,,陳哲瑋,,,,,,林芷伊,,威雀科技,,2021,,https://firebasestorage.googleapis.com/v0/b/profile-a4697.appspot.com/o/interface%2FChihyi%2F01.jpeg?alt=media&token=80bb50cf-a388-453e-a3ce-ea22a510e310,,https://firebasestorage.googleapis.com/v0/b/profile-a4697.appspot.com/o/interface%2FChihyi%2F02.jpeg?alt=media&token=fb87096e-b92c-47e9-acc7-c4c4971efcef,閱覽作品的方式以一圖一文字搭配前後切換，連貫起一些有連續性的故事。,https://firebasestorage.googleapis.com/v0/b/profile-a4697.appspot.com/o/interface%2FChihyi%2F03.jpeg?alt=media&token=78a707a6-30c5-4708-8e2d-942ce08b3bc6,淺背景色及深背景色的作品以不同底色襯托。,https://firebasestorage.googleapis.com/v0/b/profile-a4697.appspot.com/o/interface%2FChihyi%2F04.jpeg?alt=media&token=8ca41ddb-14c3-4c8d-843e-9e43c96997f2,,https://firebasestorage.googleapis.com/v0/b/profile-a4697.appspot.com/o/interface%2FChihyi%2F05%20gif.gif?alt=media&token=ec46ed37-85ab-4548-8dcf-7873a5b7cf8a,手機版將橫幅的連續畫面轉換成方形動態圖。,,,,,,,,,,,,,,,,,,
interface,Surco Smart Home Remote,https://firebasestorage.googleapis.com/v0/b/profile-a4697.appspot.com/o/interface%2Fsurco_gif.gif?alt=media&token=4a00f7b3-df0e-4624-82af-43f20db295dd,20,,,,App for Phone,,,,,,simple cocoon,,,陳哲瑋、王照程,,,,,,,,艾法科技,,2018,,,,,,,,,,,,,,,,,,,,,,,,,,,,,
interface,unipapa,https://firebasestorage.googleapis.com/v0/b/profile-a4697.appspot.com/o/interface%2Funipapa.jpeg?alt=media&token=659d83a6-c4d6-49a4-a770-e3ef9d108d70,21,,,,Web,,,,,,unipapa,,,陳哲瑋、unipapa,,,,,,,,unipapa,,2019,,,,,,,,,,,,,,,,,,,,,,,,,,,,,
interface,LanVece,https://firebasestorage.googleapis.com/v0/b/profile-a4697.appspot.com/o/interface%2Flanvece.jpeg?alt=media&token=4ef0ea91-6b61-4337-ae1b-8dd9b1a2e558,22,,,,Web,,,,,,一步青山,,,陳哲瑋、廖季農,,,,,,,,威雀科技,,2017,,,,,,,,,,,,,,,,,,,,,,,,,,,,,
interface,Lingda,https://firebasestorage.googleapis.com/v0/b/profile-a4697.appspot.com/o/interface%2Flingda%2002.jpeg?alt=media&token=5908f140-6e2e-4171-84a1-dfff1db32670,23,,,,Web,,,,,,Lingda,,,陳哲瑋、賴文復,,,,,,,,,,2016,,,,,,,,,,,,,,,,,,,,,,,,,,,,,
logo,YiroYiro,https://firebasestorage.googleapis.com/v0/b/profile-a4697.appspot.com/o/logo%2Flist_YiroYiro.png?alt=media&token=f1cda39b-8783-4cac-b6b4-62940d10074c,40,1,1,Dedicated into medical and health services,,,"YiroYiro is dedicated into medical science, public hygiene and health services in cooperation with numerous institutions from both domestic and abroad to maximize the medical resource. YiroYiro Care and YiroYiro Learn are introduced, in order to differentiate various projects and services provided. The logos are designed under the same model with three semi-transparent leaves, and each one of them develops into different trees – same as Yiro Yiro provides various services under the same roof. They might be independent service item alone, but when they all go together, it makes a treasurable medical resources platform. ",YiroYiro 是專注於醫學、公共衛生、健康領域相關的品牌，透過與多元國內外機構合作，整合醫學資源。為了讓不同出發點的服務容易辨識，以 YiroYiro 為概念核心，而有了 YiroYiro Care、YiroYiro Learn 等系列品牌。以“三”代表多數的概念出發，發展成三片有透明度的色塊，本體是一個接近樹的原型，決定了其他系列的生長方式，透過不同形狀的葉片組成，放在一起時是一片多樣性的植物園。,,,,尚鼎益全球科技股份有限公司,,陳哲瑋、黃紹祖,,,,,,,,,,2021,,https://firebasestorage.googleapis.com/v0/b/profile-a4697.appspot.com/o/logo%2FYiroYiro%2F01.png?alt=media&token=01bfd1ed-e4fb-4c21-8e98-7e2598463dff,,https://firebasestorage.googleapis.com/v0/b/profile-a4697.appspot.com/o/logo%2FYiroYiro%2F02.png?alt=media&token=87cbb14c-ba1c-4c1a-9851-2789e16c32e1,三片葉子重疊的地方可針對不同主題放進 icon，例如腎臟病、糖尿病、母嬰等。,https://firebasestorage.googleapis.com/v0/b/profile-a4697.appspot.com/o/logo%2FYiroYiro%2F03.png?alt=media&token=71035840-f803-4fe9-a447-2e5cbdc78a47,夜晚的植物園樣貌，光柵效果。,https://firebasestorage.googleapis.com/v0/b/profile-a4697.appspot.com/o/logo%2FYiroYiro%2F04.png?alt=media&token=dd48804d-49f6-4f51-a5c0-1e8061166431,,https://firebasestorage.googleapis.com/v0/b/profile-a4697.appspot.com/o/logo%2FYiroYiro%2F05.png?alt=media&token=a0a98896-2da4-4c21-b0a8-f6f69411ec08,,https://firebasestorage.googleapis.com/v0/b/profile-a4697.appspot.com/o/logo%2FYiroYiro%2F06.png?alt=media&token=818e259d-97b4-4b01-80fa-d842b32fc4ec,網頁頁籤圖像，IG 等影音平台使用圖像。,https://firebasestorage.googleapis.com/v0/b/profile-a4697.appspot.com/o/logo%2FYiroYiro%2F07.png?alt=media&token=08d220b5-3396-4ebc-974d-09dae45bf96e,App 使用圖像。,https://firebasestorage.googleapis.com/v0/b/profile-a4697.appspot.com/o/logo%2FYiroYiro%2F08.png?alt=media&token=f4bdc274-2979-401b-ba68-9f651809403e,獨立的葉片元素，可使用於說明步驟或注意事項的地方。,https://firebasestorage.googleapis.com/v0/b/profile-a4697.appspot.com/o/logo%2FYiroYiro%2F09.png?alt=media&token=adde5885-15b2-48a2-b457-4036c05e11f7,平台影片使用的浮水印。用於淺色及深色底兩種樣式。,,,,,,,,,,
logo,TopNotch,https://firebasestorage.googleapis.com/v0/b/profile-a4697.appspot.com/o/logo%2Flist_TopNotch.png?alt=media&token=a630d795-dc16-4197-a302-23e94e0f6cd7,41,4,,One-stop device & service provider,,,"TopNotch Technology distributes devices for environmental reliability test for more than 30 years, ranging from optoelectronic displays, communication, materials to transportation sectors, just to name a few. Their service includes device installation, professional operation training and after-sale maintenance and services. The logo is emphasizing on the T and N as a long-established cooperate identity and industry presence. ",得蒙奇科技是以技術服務為主的設備供應商，代理環境可靠度試驗相關設備長達 30 年，除了提供設備銷售、安裝、完整教育訓練，也有專業技術人員負責設備售後的維護及保養。服務範圍遍及光電面板、通訊、材料、交通等產業。保留原本 T 跟 N 的起始筆畫特徵，將企業全名呈現出來，並調整成較穩重的樣子。,,,,得蒙奇科技,,陳哲瑋、郭斌,,,,,,,,,,2021,,https://firebasestorage.googleapis.com/v0/b/profile-a4697.appspot.com/o/logo%2FTopNotch%2F01.png?alt=media&token=565f4870-7ff3-4df8-863e-5486c9d11922,,https://firebasestorage.googleapis.com/v0/b/profile-a4697.appspot.com/o/logo%2FTopNotch%2F02.png?alt=media&token=f6e8f5e5-be42-4582-887b-3a6b09bca0aa,,https://firebasestorage.googleapis.com/v0/b/profile-a4697.appspot.com/o/logo%2FTopNotch%2F03.png?alt=media&token=51231aa0-c98a-4d33-9c0f-d9a89eb25ed9,,https://firebasestorage.googleapis.com/v0/b/profile-a4697.appspot.com/o/logo%2FTopNotch%2F04.png?alt=media&token=8ba00c95-7f1e-4173-afac-f8e6e2cbe3c0,,https://firebasestorage.googleapis.com/v0/b/profile-a4697.appspot.com/o/logo%2FTopNotch%2F05.png?alt=media&token=377dc1fa-5065-4814-a186-18d5b58b4193,,,,,,,,,,,,,,,,,,,
logo,Switch Taipei,https://firebasestorage.googleapis.com/v0/b/profile-a4697.appspot.com/o/logo%2Fswitch%20taipei.png?alt=media&token=dc867bf2-f06d-48b2-90af-f6101252d8d9,24,2,2,Start from stepping in other’s shoes,,,"Switch Taipei is founded to promote equality for swing dance by creating a race and gender friendly environment for this pas de deux. Stepping in the shoes of others and trying to understand and empathize your dance partner can enhance the dancing flow. The logo is to emphasize the process of learning your dance partner. The whole process is like a spectrum, starting from observation, curiosity, exploration and later on understanding. To convey this idea, the logo is designed with a series of question marks, exclamation marks, and a highlight of the eyes.",Switch Taipei 是推廣 Swing Dance 與雙人舞平權的組織．希望營造一個族群及性別友善的雙人舞環境。switch 是從觀念開始，了解另一個角色的感受、想法，進而讓跳舞的過程中雙方都是舒適的。透過「？」漸變到「！」傳達產生疑問、漸漸理解、原來如此的過程，並搭配漸變的色彩加強過程感。而問號與驚嘆號的圓圈圈，也構成了人的眼睛。,,,Switch Taipei,,,陳哲瑋、許閎傑,,,,,,,,,,2021,,https://firebasestorage.googleapis.com/v0/b/profile-a4697.appspot.com/o/logo%2FSwitch%20Taipei%2F01.png?alt=media&token=19cecbaa-8cb2-4e6f-9da4-f4a120a07680,,https://firebasestorage.googleapis.com/v0/b/profile-a4697.appspot.com/o/logo%2FSwitch%20Taipei%2F02a.png?alt=media&token=7ea1ff07-1409-4fc8-969b-7b56be6e0940,,https://firebasestorage.googleapis.com/v0/b/profile-a4697.appspot.com/o/logo%2FSwitch%20Taipei%2F02b.png?alt=media&token=b0cbb192-ce2d-421b-b988-339fdce3627b,,https://firebasestorage.googleapis.com/v0/b/profile-a4697.appspot.com/o/logo%2FSwitch%20Taipei%2F03a.png?alt=media&token=68efb34a-409d-4b89-a849-0657597a7fc2,疑問及理解的表情。,https://firebasestorage.googleapis.com/v0/b/profile-a4697.appspot.com/o/logo%2FSwitch%20Taipei%2F03b.png?alt=media&token=dc826284-9b39-4f51-bf33-f6fa644dba22,,https://firebasestorage.googleapis.com/v0/b/profile-a4697.appspot.com/o/logo%2FSwitch%20Taipei%2F04%20motion.gif?alt=media&token=3f781bf3-f02b-4f8c-abe0-a55b39d4b1ec,拆開後有多種用途，可以是音符 Do 到 Si，或輕重拍子等。也可將個體旋轉、陣列等使用。,https://firebasestorage.googleapis.com/v0/b/profile-a4697.appspot.com/o/logo%2FSwitch%20Taipei%2F05.png?alt=media&token=4d20bea5-0faf-490e-b97e-7f3fd74f2eed,,https://firebasestorage.googleapis.com/v0/b/profile-a4697.appspot.com/o/logo%2FSwitch%20Taipei%2F06.png?alt=media&token=55978eaa-205b-478c-96d3-dc191c1c2895,尺寸小的情境時使用 4 片的，縮小時較清晰。淺底色搭配漸層外框，深底色搭配淺白底。,https://firebasestorage.googleapis.com/v0/b/profile-a4697.appspot.com/o/logo%2FSwitch%20Taipei%2F07.png?alt=media&token=559e1cb1-e959-4b1f-9552-07b9f127596e,,,,,,,,,,,
logo,cremove,https://firebasestorage.googleapis.com/v0/b/profile-a4697.appspot.com/o/logo%2Fcremove.png?alt=media&token=40c5eb62-856d-4217-a147-973952523667,25,3,3,Capturing the body movement,,,"cremove is a body development studio dedicated to explore our own body through practicing and moving every part of the body. The logo is designed in the shape of a piece of clay, implying an organic and unique exploration of our body. The gradient on the logo represents the changes of the state of mind and body during the exploration.",cremove 是一個分享肢體開發方法及觀念的工作室。黏土般的有機形狀傳達可以透過嘗試改變身體的動作，探索屬於自己的肢體語言。顏色的漸層傳達身體做不同動作時生理或心理上重心的轉變。,,,創動感,,,陳哲瑋、方秀慈,,,,,,,,,,2021,,https://firebasestorage.googleapis.com/v0/b/profile-a4697.appspot.com/o/logo%2Fcremove%2Fcremove%2001.png?alt=media&token=4432f83e-6c81-49f5-b153-d235537d3dca,,https://firebasestorage.googleapis.com/v0/b/profile-a4697.appspot.com/o/logo%2Fcremove%2Fcremove%2002.png?alt=media&token=52e41fa6-941a-4b9e-b2cd-e76284b21452,,https://firebasestorage.googleapis.com/v0/b/profile-a4697.appspot.com/o/logo%2Fcremove%2Fcremove%2003.png?alt=media&token=6745f8c0-1b65-4f62-9b3b-0edcac00e842,,https://firebasestorage.googleapis.com/v0/b/profile-a4697.appspot.com/o/logo%2Fcremove%2Fcremove%2004.png?alt=media&token=a9216585-3366-44d3-bc6d-5cccdbade097,,https://firebasestorage.googleapis.com/v0/b/profile-a4697.appspot.com/o/logo%2Fcremove%2Fcremove%2005.png?alt=media&token=96b435e6-fa30-4c63-aa42-1c3f5618a2c5,,https://firebasestorage.googleapis.com/v0/b/profile-a4697.appspot.com/o/logo%2Fcremove%2Fcremove%2006.jpeg?alt=media&token=1f34d384-02e7-418b-b1ef-22ebffcc3208,,https://firebasestorage.googleapis.com/v0/b/profile-a4697.appspot.com/o/logo%2Fcremove%2Fcremove%2007.jpeg?alt=media&token=ee74c255-d342-459a-9afc-9ea72f8f3ff6,也可以變成輕盈的泡泡，或是其他材質。,,,,,,,,,,,,,,
logo,minds,https://firebasestorage.googleapis.com/v0/b/profile-a4697.appspot.com/o/logo%2Fminds.png?alt=media&token=639cada5-1257-4b39-8086-42ecc1d5dac3,26,8,,Make the data talks,,,"minds provides service of data collection, management and analysis, aiming to make sense of all data leads to serve as added values to the business. Taking the first letter, “m”, of the company name and make it into an outline of a door and a ladder — suggesting that all data can be categorized under varies objectives — with the frame surrounded keeping the information safe.",邁得思是一間資料服務公司，提供資料採集管理、資料加值處理及資料分析應用的服務，試圖解決資料策展的問題，提供商情分析的價值。將品牌名第一個英文字 m 轉化爲門及階梯，象徵資料的進出及不同層級的分類，搭配外框後變成記憶卡的意象，代表資料的保護及保存。,,,邁得思,,,陳哲瑋,,,,,,,,,,2020,,https://firebasestorage.googleapis.com/v0/b/profile-a4697.appspot.com/o/logo%2Fminds%2Fminds%2001.png?alt=media&token=7cb5f00f-95db-4d6a-b31f-d4b2d7a9e074,,https://firebasestorage.googleapis.com/v0/b/profile-a4697.appspot.com/o/logo%2Fminds%2Fminds%2002.png?alt=media&token=a080de38-007c-4b4e-93e3-7d7726afb131,,https://firebasestorage.googleapis.com/v0/b/profile-a4697.appspot.com/o/logo%2Fminds%2Fminds%2003.png?alt=media&token=7f5af514-6814-4f57-b4c0-e556248b33cc,,,,,,,,,,,,,,,,,,,,,,,
logo,Li Jin Industrial,https://firebasestorage.googleapis.com/v0/b/profile-a4697.appspot.com/o/logo%2FLi%20Jin.png?alt=media&token=e434775e-e578-4884-9ab9-a02a8164f359,27,5,,Improve industrial fluid control management,,,"Li Jin Industrial offers professional fluid control solutions to improve powder, liquid and gas control efficiency. The design for the logo is symbolizing the image of airflow rotating in the damper and a combination of the company name abbreviations, “L” and “J”. The touch-up on the characters and variation on both “i” are to convey a more welcoming and reassuring brand image.",立津國際開發是間致力於提升產業在粉體、液體、氣體等流體控制效能的公司，藉由良善的產品與服務改善客戶的生產系統。保留了原先風門氣流旋轉的意象，增加 L 跟 J 的識別度。也透過兩個小寫 i 及一個大寫的 J 帶出微笑的意象，傳達企業希望給人的安心感。,,,,立津國際開發,,陳哲瑋,,,,,,,,,,2020,,https://firebasestorage.googleapis.com/v0/b/profile-a4697.appspot.com/o/logo%2FLi%20Jin%2FLi%20Jin%2001.png?alt=media&token=291eaf04-f455-461a-87c9-daaf94b4e729,,https://firebasestorage.googleapis.com/v0/b/profile-a4697.appspot.com/o/logo%2FLi%20Jin%2FLi%20Jin%2002.png?alt=media&token=634d0b56-9aaf-4934-b7ff-4c7faf6ebf08,,https://firebasestorage.googleapis.com/v0/b/profile-a4697.appspot.com/o/logo%2FLi%20Jin%2FLi%20Jin%2003.jpeg?alt=media&token=326f396d-b35a-4434-99f7-b384ba6fb843,,,,,,,,,,,,,,,,,,,,,,,
logo,simple cocoon,https://firebasestorage.googleapis.com/v0/b/profile-a4697.appspot.com/o/logo%2Fsimple%20cocoon.png?alt=media&token=f3bd3c43-5b04-406f-a8e8-8a63d3cd3bc2,28,6,,Comprehensive controller solution,,,"As the subsidiary of a 20-year remote controller OEM/ODM company, simple cocoon is founded to introduce smart controller solution with comprehensive integration of various household electricity. The idea behind the logo design is to emphasize elements of home, connection and cocoon, bringing the brand stories together.",simple cocoon 的母公司為台灣遙控器的領導廠商，在設計代工遙控器的 20 幾年裡，生產了許多遙控器，也累積了全球最齊全的家電遙控器代碼。而成立 simple cocoon 這個品牌，是希望運用擁有的技術，帶來更好的家電使用體驗。提取了品牌名稱、技術優勢、品牌理念，而有了繭、訊號、家三個元素，接著將其融合起來。,,,simple cocoon,,,陳哲瑋,,,,,,,,,,2018,,https://firebasestorage.googleapis.com/v0/b/profile-a4697.appspot.com/o/logo%2Fsimple%20cocoon%2Fsimple%20cocoon%2001.png?alt=media&token=a417c7bb-7967-4fe0-8b67-b5b5aed05718,,https://firebasestorage.googleapis.com/v0/b/profile-a4697.appspot.com/o/logo%2Fsimple%20cocoon%2Fsimple%20cocoon%2002.png?alt=media&token=ee8575c1-d76f-4419-9901-e665198422f3,,https://firebasestorage.googleapis.com/v0/b/profile-a4697.appspot.com/o/logo%2Fsimple%20cocoon%2Fsimple%20cocoon%2003.png?alt=media&token=f494baf1-f3d2-4e4c-a391-8e5594c6e7a1,,https://firebasestorage.googleapis.com/v0/b/profile-a4697.appspot.com/o/logo%2Fsimple%20cocoon%2Fsimple%20cocoon%2004.png?alt=media&token=31cbde12-f0c0-430f-98ca-43f4041b595d,,https://firebasestorage.googleapis.com/v0/b/profile-a4697.appspot.com/o/logo%2Fsimple%20cocoon%2Fsimple%20cocoon%2005.jpeg?alt=media&token=011280d4-8188-4029-8857-eebcb7836eb7,,,,,,,,,,,,,,,,,,,
logo,sparo's,https://firebasestorage.googleapis.com/v0/b/profile-a4697.appspot.com/o/logo%2Fsparo_s.png?alt=media&token=a9dc9834-c823-41f3-9d04-7910455a9488,29,7,,Small but sound,,,"sparo’s is a small team equipped with designer, front/back-end developer, photographer, and content writer. The logo is designed in the shape of a sparrow implying that the team might come in a smaller size but committed to the project.",sparo’s 是由設計師、前後端工程師、攝影師、文案撰寫組成的小型團隊，取麻雀雖小，五臟俱全的含義，希望即使成員不多，也能做出好品質的專案成果。,,,sparo's,,,陳哲瑋,,,,,,,,,,2018,,https://firebasestorage.googleapis.com/v0/b/profile-a4697.appspot.com/o/logo%2Fsparo_s%2Fsparo%2001.png?alt=media&token=348412d4-bc6b-4d7f-be30-b6ea7057722a,,https://firebasestorage.googleapis.com/v0/b/profile-a4697.appspot.com/o/logo%2Fsparo_s%2Fsparo%2002.gif?alt=media&token=6c103df5-4647-474a-a0d5-4cf82d4d3dc7,,,,,,,,,,,,,,,,,,,,,,,,,
try,,https://firebasestorage.googleapis.com/v0/b/profile-a4697.appspot.com/o/try%2F05%20%E6%97%A9%E6%99%A8%E7%9A%84%E6%88%BF%E9%96%93%2Flist.jpeg?alt=media&token=8da02220-efc7-4997-9ba4-8f68482ed26a,42,,1,,,聲景視覺化。早晨的房間,,,,,,,,,,,,,,,,,,,,https://firebasestorage.googleapis.com/v0/b/profile-a4697.appspot.com/o/try%2F05%20%E6%97%A9%E6%99%A8%E7%9A%84%E6%88%BF%E9%96%93%2F00.gif?alt=media&token=0ab1ae2c-1814-4371-b7dd-1a9dfe8f58bc,"聲景視覺化。早晨的房間
動態",https://firebasestorage.googleapis.com/v0/b/profile-a4697.appspot.com/o/try%2F05%20%E6%97%A9%E6%99%A8%E7%9A%84%E6%88%BF%E9%96%93%2F01.jpeg?alt=media&token=362556ee-ee8a-45dd-86c3-8f4a71ecab92,"聲景視覺化，早晨的房間
繪製",https://firebasestorage.googleapis.com/v0/b/profile-a4697.appspot.com/o/try%2F05%20%E6%97%A9%E6%99%A8%E7%9A%84%E6%88%BF%E9%96%93%2F02.jpeg?alt=media&token=fa2bea0c-adb4-4a8f-9939-50ac45225fd0,將身邊聲音的形狀、強弱、位置、流動方向等先以草圖的方式記錄下來。,https://firebasestorage.googleapis.com/v0/b/profile-a4697.appspot.com/o/try%2F05%20%E6%97%A9%E6%99%A8%E7%9A%84%E6%88%BF%E9%96%93%2F03.jpeg?alt=media&token=e567ea14-e84b-4160-8dbc-5a4c0874462f,挑選想進一步繪製細節的部分。,,,,,,,,,,,,,,,,,,,,
try,,https://firebasestorage.googleapis.com/v0/b/profile-a4697.appspot.com/o/try%2F06%20%E5%92%96%E5%95%A1%E5%BA%97%2Flist.jpeg?alt=media&token=d42a8ab6-574c-4704-b78c-d202c5247b83,43,,2,,,聲景視覺化。咖啡店,,,,,,,,,,,,,,,,,,,,https://firebasestorage.googleapis.com/v0/b/profile-a4697.appspot.com/o/try%2F06%20%E5%92%96%E5%95%A1%E5%BA%97%2F00.gif?alt=media&token=f65da784-5742-4ee4-b022-d3107f65cd2d,"聲景視覺化。咖啡店
動態",https://firebasestorage.googleapis.com/v0/b/profile-a4697.appspot.com/o/try%2F06%20%E5%92%96%E5%95%A1%E5%BA%97%2F01.jpeg?alt=media&token=4108bdc6-20af-4154-9ff9-137ae228122f,"聲景視覺化，咖啡店
繪製",https://firebasestorage.googleapis.com/v0/b/profile-a4697.appspot.com/o/try%2F06%20%E5%92%96%E5%95%A1%E5%BA%97%2F02.jpeg?alt=media&token=0cbf87c2-5cd9-4f4c-a2d8-b0fdd2ae67fa,將身邊聲音的形狀、強弱、位置、流動方向等先以草圖的方式記錄下來。,https://firebasestorage.googleapis.com/v0/b/profile-a4697.appspot.com/o/try%2F06%20%E5%92%96%E5%95%A1%E5%BA%97%2F03.jpeg?alt=media&token=446c7e9f-3a6c-47d1-b288-d7c54950cda5,挑選想進一步繪製細節的部分。,,,,,,,,,,,,,,,,,,,,
try,,https://firebasestorage.googleapis.com/v0/b/profile-a4697.appspot.com/o/try%2F01%20%E4%BF%A1%E7%BE%A9%E5%AE%89%E5%92%8C%E7%AB%99.jpeg?alt=media&token=51487972-01a5-4193-92fc-6a0bd2448f2c,30,,4,,,信義安和站,,,,,,,,,,,,,,,,,,,,https://firebasestorage.googleapis.com/v0/b/profile-a4697.appspot.com/o/try%2F01%20%E4%BF%A1%E7%BE%A9%E5%AE%89%E5%92%8C%E7%AB%99%2F01.mp4?alt=media&token=06038303-bc3e-4f1a-8bc7-9d92d0f98739,"計程車的亮黃車身、人行道的灰紅地磚、紅綠燈的綠色燈殼，街道上還有什麼顏色？

music: Sweet Sue, Just You - Single Version
album: The Essential Ray Conniff",,,,,,,,,,,,,,,,,,,,,,,,,,
try,,https://firebasestorage.googleapis.com/v0/b/profile-a4697.appspot.com/o/try%2F02%20%E9%95%B7%E6%98%A5%E5%B8%82%E5%A0%B4.jpeg?alt=media&token=ec43d069-959f-41b3-b707-799b61aef627,31,,5,,,長春市場,,,,,,,,,,,,,,,,,,,,https://firebasestorage.googleapis.com/v0/b/profile-a4697.appspot.com/o/try%2F02%20%E9%95%B7%E6%98%A5%E5%B8%82%E5%A0%B4%2F02.mp4?alt=media&token=cc82f928-2d7b-454e-85f5-d28345c61edd,"午後的陽光在長春市場大樓的曲面上形成一道道直線，像光的通道般。

music: Lazy Mississippi Moon
album: Oliver’s Twist",,,,,,,,,,,,,,,,,,,,,,,,,,
try,,https://firebasestorage.googleapis.com/v0/b/profile-a4697.appspot.com/o/try%2F03%20%E5%8F%B0%E5%8C%97%E5%B8%82%E7%AB%8B%E9%AB%94%E8%82%B2%E9%A4%A8.jpeg?alt=media&token=02290729-7746-4a69-87a9-971c73146db4,32,,6,,,台北市立體育館,,,,,,,,,,,,,,,,,,,,https://firebasestorage.googleapis.com/v0/b/profile-a4697.appspot.com/o/try%2F03%20%E5%8F%B0%E5%8C%97%E5%B8%82%E7%AB%8B%E9%AB%94%E8%82%B2%E9%A4%A8%2F03.mp4?alt=media&token=a7e44603-316f-4fd3-9c02-a0aabea4935a,"台北市立體育館的屋頂像由弱漸強的聲音。

music: You Took Advantage of Me
album: Oscar Peterson & The Greatest Singers, Vol.9",,,,,,,,,,,,,,,,,,,,,,,,,,
try,,https://firebasestorage.googleapis.com/v0/b/profile-a4697.appspot.com/o/try%2F04%20%E6%B8%85%E6%99%A8%E7%9A%84%E7%AA%97.jpeg?alt=media&token=b707c455-1f75-4721-b75b-10b16631056c,33,,3,,,清晨的窗,,,,,,,,,,,,,,,,,,,,https://firebasestorage.googleapis.com/v0/b/profile-a4697.appspot.com/o/try%2F04%20%E6%B8%85%E6%99%A8%E7%9A%84%E7%AA%97%2Fresize.mp4?alt=media&token=3997579a-dfe7-47ff-a86b-17e1b6588c96,"清晨陽光下的窗戶、紗窗網、窗框。

music: Sympathique
album: En Français",,,,,,,,,,,,,,,,,,,,,,,,,,
read,,https://firebasestorage.googleapis.com/v0/b/profile-a4697.appspot.com/o/read%2F01%20%E7%82%BA%E4%BB%80%E9%BA%BC%E8%A8%AD%E8%A8%88%E3%80%82%E5%8E%9F%E7%A0%94%E5%93%89%E8%88%87%E9%98%BF%E9%83%A8%E9%9B%85%E4%B8%96%E7%9A%84%E5%B0%8D%E8%A9%B1.jpeg?alt=media&token=f794e1ed-6825-4c0e-83e7-fa272b4ca981,34,,1,,,為什麼設計。原研哉與阿部雅世的對話,,,,,,,,,,,,,,,,,,,,https://firebasestorage.googleapis.com/v0/b/profile-a4697.appspot.com/o/read%2F01%20%E7%82%BA%E4%BB%80%E9%BA%BC%E8%A8%AD%E8%A8%88%2Fread%2001.jpeg?alt=media&token=e41c1897-30ce-4436-ad2e-ee4104c83e76,"fuwa fuwa、poco poco、coppo coppo、parang parang、tilu tilu，試著唸出這些詞彙的時候，會想到什麼樣的情境？

這是阿部雅世小姐透過工作坊與不同國家的人創造出的新詞彙，試圖去描述不同的觸感，讓人們溝通的時候有更多細膩的詞彙可以使用。例如書裡的 ha-ra- 在阿部雅世小姐的《觸感詞典1》裡是描述摸起來像天鵝絨般的觸感，而這個詞給原研哉先生感覺則像是在用手摸自己的肚子。

雖然感覺到的情境不同，但似乎還是傳達了一種摸起來很舒服，會想要慢慢地來回多摸幾下的情境。這樣一個詞彙的表達，是不是比描述「摸起來很舒服」或是「摸起來很細緻，但表面有一點點阻力，有點像天鵝絨」更生動？

阿部小姐與原先生的對談裡中，又更深入的提到「觸碰」的這個動作包含了觸摸及被觸摸的感覺，即使接觸的方式相同，但感覺到的仍然不一樣。雖然好像了解這段話的意思，但又有點模糊。

我想到的是自己伸手去拿裝了冷飲表面有一點點水珠的玻璃杯，與被裝了冷飲表面有一點點水珠的玻璃杯碰到手，後者因為是在預期之外非主動性的被碰到，好像會多了一個「我被碰到了！」這樣的訊號，之後才感覺到杯子上涼涼的水珠，所以變成詞彙的時候感覺是個比前者的音長短一點的樣子。但感覺這樣原本是一個詞彙描述一種觸感，好像就變成需要兩個詞彙了。

用充分但不過量的方式表達思考的過程、含義，除了減少理解上的落差，同時又給對方從自身經驗出發的想像力空間，在這樣的溝通過程中，漸漸將一個模糊的概念或目標具體化，成為不同的樣子。

p.s. 覺得懶懶地躺在床上滾來滾去好像可以是 no-a no-a 這樣的詞。", ,,,,,,,,,,,,,,,,,,,,,,,,,
read,,https://firebasestorage.googleapis.com/v0/b/profile-a4697.appspot.com/o/read%2F02%20%E8%A3%BD%E4%BD%9C%E6%96%87%E5%AD%97%E7%9A%84%E5%B7%A5%E4%BD%9C.jpeg?alt=media&token=3d12f4ca-9ccb-4d8d-87be-69cd766dfbb6,35,,2,,,製作文字的工作,,,,,,,,,,,,,,,,,,,,https://firebasestorage.googleapis.com/v0/b/profile-a4697.appspot.com/o/read%2F02%20%E8%A3%BD%E4%BD%9C%E6%96%87%E5%AD%97%E7%9A%84%E5%B7%A5%E4%BD%9C%2Fread%2002.jpeg?alt=media&token=67725388-2620-4227-8b5f-9ea704492fd2,"這本書紀錄了字游工房的字體設計師鳥海修先生在製作文字這條路上的點點滴滴，對鳥海修先生來說，理想的字體是「如水、如空氣」般的存在，人們閱讀時覺得理所當然且舒適。由於得兼顧易讀性與保有字體的特性，以及不同文字編排時的空間均衡，製作的過程中必須來回調整細節。

那為什麼要製作新字體呢？其中一個原因是文字的印刷方式隨著時代轉變了。從活版印刷鉛字透過沾墨印在紙上，到照相排版透過光線印在底片上，到現在用電腦製作後印刷。技術的變化讓字體也得跟著改變。

第二個原因是生活習慣改變了。在電腦、手機上的文字以橫向排列居多，而以前印刷品上的文字大部分是直排，所以需要橫排時也易讀且美觀的字體。另外也希望對於視力衰退的人來說，閱讀手機上的內容仍可以不費力，因此需要針對螢幕顯示效果優化字體。

第三個原因是近代會配合內容風格，使用不同個性的字體，讓文字本身也可以傳遞感覺。

回想自己的生活，國小的時候幾堂書法課似乎都是直排書寫，只有過年的橫批春聯是橫式書寫。國文課本是直排，但物理課本跟生物課本好像是橫排，會不會是因為要配合一些英文字的關係。不過自己在記事本上寫字的習慣似乎一直都是橫排，也許一部分是因為不想讓手碰到用鉛筆寫好的字而讓字模糊，以及因為選擇的記事本是長的用橫的方式寫句子比較不會太長，所以自然而然就變成這樣的書寫習慣。

除了自己的記事習慣以及少數一些課本，似乎我的書大部分都是直排的沒錯，而且閱讀的順序由右至左，是我不會這樣寫字的順序，原來寫字跟閱讀的軌跡是不同的嗎。

書的最後，鳥海修先生說，他的目標依舊是做出「如水、如空氣」般的字體，但看法跟想法隨著年齡漸增而有所改變，畢竟肉體及精神也有了變化。希望我也可以更認識並接受自己隨著年齡改變而做出來的東西。",,,,,,,,,,,,,,,,,,,,,,,,,,
read,,https://firebasestorage.googleapis.com/v0/b/profile-a4697.appspot.com/o/read%2F03%20%E6%83%B3%E6%B3%95%E8%AA%95%E7%94%9F%E5%89%8D%E6%9C%80%E9%87%8D%E8%A6%81%E7%9A%84%E4%BA%8B.jpeg?alt=media&token=872f5eb8-b8ac-4c7f-ab34-600f1cf213a9,36,,3,,,想法誕生前最重要的事,,,,,,,,,,,,,,,,,,,,https://firebasestorage.googleapis.com/v0/b/profile-a4697.appspot.com/o/read%2F03%20%E6%83%B3%E6%B3%95%E8%AA%95%E7%94%9F%E5%89%8D%E6%9C%80%E9%87%8D%E8%A6%81%E7%9A%84%E4%BA%8B%2Fread%2003.jpeg?alt=media&token=1044a93d-2541-418e-91e5-19908e8e0602,"圖片是森本千繪小姐為 Mr.Children「HOME」設計的專輯封面。第一次翻到這頁時，畫面直接跑到心裡，覺得好有人性。

森本千繪小姐接下這張專輯封面的製作時，只知道專輯名稱為「HOME」，樂團想傳達的感覺是：人體結構的七成是水。

在想到這個提案前，她已經想了十多個不同形式的想法，但總覺得一定還有更適合的方式，因為那些想法都是透過頭腦思考出來的，好像少了點什麼。

在這樣持續思考的狀態下，有一天她的祖母提出希望在人生的最後一刻可以受洗為基督徒的要求。在教堂中，家族成員們分立兩側，看起來就像家譜一樣，她深深體會到如果缺少任何一位，或許就不會有她存在於世上。頓時意識到此刻的她正參與「HOME」，而這種理所當然的感覺正是「人體結構的七成是水」。於是她便將專輯封面設計成家譜，並選擇在無法獨立站穩的水中進行拍攝。

森本千繪小姐認為面臨選項時要透過身體跟內心去選擇，是一種從過去找出新事物、新觀點的方式，而身體能對某些想法產生共鳴，是因為裡面有眼睛所見以外的事物默默被身體吸收了，可能是當下捕捉到的某些質感或氛圍。

隨著年齡漸增，有點能體會用身體去選擇這件事，由於看過的東西比以前多一些，考量設計方向時也能用比較多的角度檢視。但也因為這樣常常覺得自己做不出比看到的資料更好的東西，好像怎麼做都沒有覺得「就是它了」的感覺。這時候會試著回想過去某些被感動的時刻，有時候可以找到某個可以說服自己的想法，而能說服自己是因為那個事件對自己有意義，故事的力量跑進想法裡。不過，是否可以將這份感性再轉化到客觀的專案上，好像又得靠一點緣分或運氣了。

森本千繪小姐創作出來的事物很真，可以感受到情緒或意念，有時候會喚醒某些記憶，好像隨著時間持續流動著。",,,,,,,,,,,,,,,,,,,,,,,,,,
read,,https://firebasestorage.googleapis.com/v0/b/profile-a4697.appspot.com/o/read%2F04%20%E4%B8%8D%E8%A6%81%E5%81%9A%E8%A8%AD%E8%A8%88.jpeg?alt=media&token=aeab6a92-2dd8-4b12-9688-0404e5c34872,37,,4,,,不要做設計,,,,,,,,,,,,,,,,,,,,https://firebasestorage.googleapis.com/v0/b/profile-a4697.appspot.com/o/read%2F04%20%E4%B8%8D%E8%A6%81%E5%81%9A%E8%A8%AD%E8%A8%88%2Fread%2004.jpeg?alt=media&token=de351f68-e780-455c-80a8-3e0afb8a5e2f,"這張是宮田識先生為 NISSAN 的旅行車「STAGEA」在 2002 年做的廣告，是他想像中的汽車在風中奔馳的疾速感。為什麼說是想像中呢？

因為這張圖是透過合成將近 100 張照片，並用電腦繪製無數的波紋組成的。現實生活中不會出現這樣的景象，相機也無法拍攝出全部合焦的水波紋以及如此動感的風的軌跡。

但看到圖的時候卻可以很自然地與自己印象中車子急速奔馳的記憶重疊在一起，沒有任何違和感。因為雖然每個人看到奔馳中的汽車都有不同的感受，但很有速度感這件事是不會改變的。因此，速度感透過宮田識先生的個性被描繪出來傳達給大家時很自然就被接受了。

這張圖的雨水線條是在滑雪場的停車場中拍攝，車子本身則另外拍攝，因為淋到雨的車子沒辦法拍出漂亮的表面。地面的水波紋都是電腦畫出來的線，全部都合於焦距。是想像中的真實，非現實。

這就是宮田識先生想表達的「不要做設計」。比起思考如何用技術將外觀製作出來，更重要的是將腦中想傳達的訊息，包含意義、心情、感覺等複製到現實中。但這非常困難，因為感受事物而有想描述的畫面源自於自己的個性，但能將這畫面製作出來的能力卻不是個性。

關於「想傳達自己對某件事的感受」這件事，宮田識先生有一套個性論。他認為「每個人眼中看到的東西都不同。眼裡看到的東西都是自己的一部分。因為人們在無意識的時候，大腦會自然去判斷是否要看見東西，那個判斷基準每個人都不同。因此即使看到同樣的風景、聽到同樣的話，留在心裡的迴響也都不同。而決定這個不同的基準點，就是自己，也就是本我。在無意識的時候，內心其實已經在選擇喜好，而當察覺自己與別人看同樣事物的眼光不同時，獨特的個性就形成了。」

因此，他相信只要能誠實面對自己的感受，試著將其轉化，自然就會做出與別人不同的事物。也因此要更多了解自己的個性才行。",,,,,,,,,,,,,,,,,,,,,,,,,,
read,,https://firebasestorage.googleapis.com/v0/b/profile-a4697.appspot.com/o/read%2F05%20%E5%A1%91%E6%80%9D%E8%80%83%2Flist.jpeg?alt=media&token=27474a7c-f6c6-4534-9e21-18f28022d507,44,,5,,,塑思考,,,,,,,,,,,,,,,,,,,,https://firebasestorage.googleapis.com/v0/b/profile-a4697.appspot.com/o/read%2F05%20%E5%A1%91%E6%80%9D%E8%80%83%2Fcontent.jpeg?alt=media&token=acd2ac0d-a141-41d2-9673-07c7642b883c,"左側的海報是佐藤卓先生策劃的「設計的解剖」展裡富士即可拍相機的解剖圖。從中可以清楚看到鏡頭、支撐鏡頭的結構、後方底片的空間、各種零件之間的組合關係。每個部分的形狀都有其緣由，有趣又有說服力。

一台在日常生活中已習以為常的相機，透過新的切入點，讓我們發現不曾了解的資訊，產生了對未知的事物好奇。然而，這張海報呈現出的趣味並不是一眼就可以迅速理解的，受到吸引後需慢慢分別理解或推想每一處的用意為何，當理解越多在這台相機中的各種考量後，得到了屬於自己的趣味。

將需要好操作的地方做得好操作、需要結構強度的地方做得穩固、需要有特色的地方做得有特色，一個合適的設計是希望讓每個部分盡可能地扮演好其角色。若這樣打造出來的商品最後在市場上並沒有獲得預期中的迴響，要做的事情並不是思考是否該為其添加附加價值，而是回頭探討商品本身的內容，以及讓人們了解商品的方式。

商品本身的內容是不是沒有好好地跟人們的生活產生連結？還是商品的價值沒有透過合適的資訊傳遞出去呢？

人們理解事物的方式是逐步理解，即使有難易快慢之分，但就是需要拼湊資訊的時間。也因此若抱著「請趕快了解」的企圖，希望透過添加明顯的附加價值讓消費者買單，可能就會做出即使賣得好也只是曇花一現的事物。

有些物品保持原貌就是理想狀態，以及許多經過優良設計的物品以低調的姿態存在著：書裡的文字、順手的筷子、尺寸恰好的清潔海綿等等。也許我們要做的不是更新這些物品，而是去理解它們。在「做設計」這個選項外，也應該有「不做設計」或「不改設計」這樣的重要選項。",,,,,,,,,,,,,,,,,,,,,,,,,,
read,,https://firebasestorage.googleapis.com/v0/b/profile-a4697.appspot.com/o/read%2F06%20%E8%81%BD%E8%A6%8B%E8%81%B2%E9%9F%B3%E7%9A%84%E5%9C%B0%E6%99%AF%2Flist.jpeg?alt=media&token=a497229c-acfe-45d8-ae99-73c922ce29bd,45,,6,,,聽見聲音的地景,,,,,,,,,,,,,,,,,,,,https://firebasestorage.googleapis.com/v0/b/profile-a4697.appspot.com/o/read%2F06%20%E8%81%BD%E8%A6%8B%E8%81%B2%E9%9F%B3%E7%9A%84%E5%9C%B0%E6%99%AF%2Fcontent.jpeg?alt=media&token=e2618ecf-3720-4e13-a291-7cf004ccf117,"聲音有形狀嗎？又或者說，如果把聽到的聲音賦予一個自己感受到的質地、節奏、強弱、長短等敘述後，聲音的形狀會不會漸漸跑出來呢？

下大雨時屋簷的雨滴一顆接著一顆落下的聲音、毛毛雨時久久才在葉片上集成的一顆雨滴滑落的聲音、從濕搭搭的衣服落下的水滴等等，一個水滴在不同的情境下就有好多狀態，再透過不同的人聆聽後，就產生更多樣子。

聽起來有點模糊的、有點憂傷的、不好聽的、移動著的、冷冰冰的、悶悶的等等。水滴聲被賦予了情緒上的、觸感上的、物理上的各種狀態。

模糊的形狀可能是沒有邊界的，或者是暈開的樣子，又或者其實是若隱若現的。憂傷的形狀可能軟趴趴的、混亂無序的、甚至輕飄無所適從的。只要靜下來好好感受，屬於自己聽到的形狀就會越明顯。

那麼聲音有顏色嗎？

安靜的聲音也許是黑漆漆的，也有可能是深藍色，或是一片白白的樣子。也許黑色是因為聯想到害怕，而白色是想到平靜、無聊、睡意等等。

除了聲音本身的質感，自己身處當下的感覺會與聲音融合，產生一個獨特的樣子。夜晚一個人走在路上，涼涼的，有月光，此刻的安靜也許還帶有一點柔和的顏色。突然從小巷中跑出一隻黑狗，在不知道牠是否有敵意時，安靜的顏色因為緊張突然有了紅色。好在是隻友善的狗，默默地遠離自己的視線，心情安穩後，安靜的顏色也許又比一開始更深沉了些。

試著聆聽，描繪身邊周遭的聲音，並為自己添加一個愉快的形狀及顏色的聲音吧，也試著將令人不開心的聲音改變樣貌吧。",,,,,,,,,,,,,,,,,,,,,,,,,,
read,,https://firebasestorage.googleapis.com/v0/b/profile-a4697.appspot.com/o/read%2F07%20%E8%A7%B8%E8%A6%BA%E4%B8%8D%E6%80%9D%E8%AD%B0%2Flist.jpeg?alt=media&token=c8d88a75-ce58-4031-a9f1-090242d8567f,46,,7,,,觸覺不思議,,,,,,,,,,,,,,,,,,,,https://firebasestorage.googleapis.com/v0/b/profile-a4697.appspot.com/o/read%2F07%20%E8%A7%B8%E8%A6%BA%E4%B8%8D%E6%80%9D%E8%AD%B0%2Fcontent.jpeg?alt=media&token=1608f764-3587-4362-9dff-63960443f179,"五感有界線嗎？聽到風鈴清脆的聲音時，是否曾產生「涼爽舒適」的感覺 ; 看到毛茸茸的布偶時感到「柔軟安心」; 吃著綿密的芋泥蛋糕時，可能聯想到蓬鬆的雲。

聽覺、視覺、嗅覺、味覺、觸覺中，如果說有哪種感覺在我們長大後因為太過貼近而不常意識到，應該就是觸覺了。嬰兒時期的我們透過觸摸認知外界的資訊，成長過程中視覺與聽覺等記憶的累積量逐漸超過觸覺。每天看許多螢幕上的資訊、聽串流音樂，不再以觸覺為意識體驗的重心。

然而，我們依然持續用全身感覺著各種觸感，因為觸覺是一種無法暫時關閉的感覺，只是沒有意識到「身體正在感覺」這件事。用手摸自己的臉頰時，手同時也被臉頰摸 ; 與對方握手時，觸摸的同時也被觸摸。觸覺是一種可以給予也可以接受的感覺。甚至，我們會從各種觸感當中，選擇一種觸摸方式，讓自己獲得合乎目的的觸感：輕握手中的暖暖包而不會用力捏它、用合適的力道拿鉛筆寫字、放鬆地躺在草地上。

五感之間互相連結，甚至結合了語言、記憶等認知後，形成了每個人獨一無二的心像。這份屬於自己的感覺印象，讓我們知道自己的身體處在什麼樣的地方、什麼樣的狀態，又或者反過來說，身體正被什麼樣的環境包覆著、被什麼樣狀態的事物影響著。

坐在舒適的沙發上看電影，身體被輕柔包覆 ; 游泳時擺動身體，在水中前行 ; 喝了幾杯調酒後，一點點晃動的微醺感 ; 走在路上踩到落葉發出沙沙聲。都讓身體的存在多了某種真實感。

也許因為我們自然地將五感混合在一起，因此發展出了許多界線模糊的日常用語，並能理解這些詞的合理性。「滑溜溜、黏糊糊、熱呼呼」在觸感中帶有聲音 ; 翻動紙張、撕破紙張、手伸進紙袋裡的聲音中也帶有觸感 ;「溫暖的人、沈重的氣氛、冷冷的口吻」將實際的五感轉化成抽象的想法。

身體時時刻刻感受著各種訊息，默默影響了我們的心情、判斷、決定，如果可以更仔細地意識到當下的各種感覺，也許認識身體的方式、對待身體的方式也會跟著改變。",,,,,,,,,,,,,,,,,,,,,,,,,,